Loading...,Cargando...,
All caught up.,Ya está al día.,
All caught up,Ya está al día,
No pending approvals.,No hay aprobaciones pendientes.,
Loading approvals for this document...,Cargando las aprobaciones de este documento...,
Checking approval status...,Comprobando el estado de aprobación...,
Role,Rol,
Assigned to,Asignado a,
Assigned to you,Asignado a usted,
Approved by,Aprobado por,
Approval Rule,Regla de aprobación,
User Approval,Aprobación de usuario,
Approve,Aprobar,
Reject,Rechazar,
Review,Revisar,
Document approved,Documento aprobado,
Failed to approve,No se pudo aprobar,
Document rejected,Documento rechazado,
Failed to reject,No se pudo rechazar,
Permanently Submit {0}?,¿Validar permanentemente {0}?,
Rejection Reason,Motivo del rechazo,
Reject Document,Rechazar documento,
{0}m ago,hace {0} min,
{0}h ago,hace {0} h,
{0}d ago,hace {0} d,
You,Usted,
Unassigned,Sin asignar,
All Approvers are required to Submit this document,Se requiere la aprobación de todos los aprobadores para validar este documento,
Could not apply 'Reject' workflow action: {0},No se pudo aplicar la acción de flujo de trabajo 'Reject': {0},
No workflow found for {0}. Status not changed.,No se encontró un flujo de trabajo para {0}. El estado no cambió.,
A {0} requires your approval,Un {0} requiere su aprobación,
{0} {1} requires your approval,{0} {1} requiere su aprobación,
Document approved by <b>{0}</b>,Documento aprobado por <b>{0}</b>,
Document rejected by <b>{0}</b>,Documento rechazado por <b>{0}</b>,
<b>{0}</b> added as approver by <b>{1}</b>.,<b>{0}</b> agregado como aprobador por <b>{1}</b>.,
<b>{0}</b> removed as approver by <b>{1}</b>.,<b>{0}</b> eliminado como aprobador por <b>{1}</b>.,
A document requires your approval,Un documento requiere su aprobación,
Invalid condition expression: {0},Expresión de condición no válida: {0},
No users are assigned this approval role: {0},Ningún usuario tiene asignado este rol de aprobación: {0},
Document Approval Rule skipped: {0} {1} is an Auto Repeat document,Se omitió la regla de aprobación: {0} {1} es un documento de repetición automática,
Document Approval Rule applies to {0} {1},La regla de aprobación se aplica a {0} {1},
Document Approval Rule does not apply to {0} {1},La regla de aprobación no se aplica a {0} {1},
Error evaluating condition: {0},Error al evaluar la condición: {0},
Documents Pending Approval,Documentos pendientes de aprobación,
The following documents require your approval:,Los siguientes documentos requieren su aprobación:,
Document Type,Tipo de Documento,
Name,Nombre,
Cannot build approval notification link without a document reference,No se puede crear el enlace de notificación de aprobación sin una referencia al documento,
Approval notification delivery failed. Please setup a default Email Account from Setup > Email > Email Account,No se pudo entregar la notificación de aprobación. Configure una cuenta de correo predeterminada en Configuración > Correo electrónico > Cuenta de correo,
No approvers found. Please set a fallback approver role in Document Approval Settings.,No se encontraron aprobadores. Defina un rol de aprobador de respaldo en Configuración de aprobación de documentos.,
All approvers must approve this document before it can be finalized.,Todos los aprobadores deben aprobar este documento antes de que pueda finalizarse.,
Approving User does not have the required Role,El usuario aprobador no tiene el rol requerido,
This User has not been assigned an approval for this document,A este usuario no se le ha asignado una aprobación para este documento,
Not a valid Workflow Action,No es una acción de flujo de trabajo válida,
Self approval is not allowed,No se permite la autoaprobación,
Illegal Document Status for {0},Estado de documento no permitido para {0},
Document Approval Rule is disabled,La regla de aprobación de documento está deshabilitada,
A document has been assigned to you,Se le ha asignado un documento,
Invalid JSON,JSON no válido,
Approvals,Aprobaciones,
Test Condition,Probar condición,
Select: {0},Seleccionar: {0},
Test,Probar,
Requested by,Solicitado por,
Reason,Razón,
Reassign,Reasignar,
Remove,Eliminar,
Add approver,Agregar aprobador,
Approver added,Aprobador agregado,
Failed to add approver,No se pudo agregar el aprobador,
Approver removed,Aprobador eliminado,
Failed to remove approver,No se pudo eliminar el aprobador,
Approver reassigned,Aprobador reasignado,
Failed to reassign approver,No se pudo reasignar el aprobador,
Remove this approver?,¿Eliminar este aprobador?,
User,Usuario,
Add a user to approve this document,Agregar un usuario para aprobar este documento,
Reassign this approver,Reasignar este aprobador,
Reassign approver,Reasignar aprobador,
Toggle drawer:,Alternar el panel:,
 Reason: {0}, Motivo: {0},
the previous approver,el aprobador anterior,
Approval for <b>{0}</b> reassigned from <b>{1}</b> by <b>{2}</b>.,Aprobación de <b>{0}</b> reasignada de <b>{1}</b> por <b>{2}</b>.,
User approval updated by <b>{0}</b>.,Aprobación de usuario actualizada por <b>{0}</b>.,
An approver was removed from a document you follow,Se eliminó un aprobador de un documento que usted sigue,
An approver was reassigned on a document you follow,Se reasignó un aprobador en un documento que usted sigue,
User approval updated,Aprobación de usuario actualizada,
This user is already assigned as an approver for this document,Este usuario ya está asignado como aprobador de este documento,
You do not have permission to add approvers for this document,No tiene permiso para agregar aprobadores a este documento,
You do not have permission to remove this approver,No tiene permiso para eliminar este aprobador,
You do not have permission to reassign this approver,No tiene permiso para reasignar este aprobador,
User Document Approval does not belong to this document,La aprobación de documento de usuario no pertenece a este documento,
User or User Document Approval name is required,Se requiere el usuario o el nombre de la aprobación de documento de usuario,
User Document Approval not found,No se encontró la aprobación de documento de usuario,
Reassignment approver is required,Se requiere el aprobador de reasignación,
Only users with the {0} role can be reassigned here.,Solo los usuarios con el rol {0} se pueden reasignar aquí.,
Select a user who shares a role with the current approver.,Seleccione un usuario que comparta un rol con el aprobador actual.,
Cannot remove an approver required by a Document Approval Rule,No se puede eliminar un aprobador exigido por una regla de aprobación de documento,
Cannot remove a Document Approval Rule requirement,No se puede eliminar un requisito de una regla de aprobación de documento,
Document Approval Rule assignees are not User Document Approvals. Reassign using the approval role name.,Los asignados por una regla de aprobación de documento no son aprobaciones de documento de usuario. Reasigne usando el nombre del rol de aprobación.,
User Approval rows cannot be reassigned. Remove the approver and add someone else instead.,Las aprobaciones de usuario no se pueden reasignar. Elimine el aprobador y agregue a otra persona.,
{0} has no field: {1},{0} no tiene el campo: {1},
{0} is not a child table on {1},{0} no es una tabla hija en {1},
Invalid Condition,Condición no válida,
